,사고번호,사고일시,요일,시군구,사고내용,사망자수,중상자수,경상자수,부상신고자수,사고유형,법규위반,노면상태,기상상태,도로형태,가해운전자 차종,가해운전자 성별,가해운전자 연령,가해운전자 상해정도,피해운전자 차종,피해운전자 성별,피해운전자 연령,피해운전자 상해정도
109,2018012600100297,2018년 1월 26일 14시,금요일,대전광역시 대덕구 오정동,중상사고,0,1,0,0,차대사람 - 횡단중,안전운전불이행,포장 - 건조,맑음,교차로 - 교차로횡단보도내,승용,남,60세,상해없음,보행자,남,45세,중상
110,2018012600100453,2018년 1월 26일 18시,금요일,대전광역시 중구 선화동,부상신고사고,0,0,0,2,차대사람 - 횡단중,신호위반,포장 - 건조,맑음,교차로 - 교차로횡단보도내,승용,여,50세,상해없음,보행자,여,8세,부상신고
111,2018012600100455,2018년 1월 26일 18시,금요일,대전광역시 서구 관저동,경상사고,0,0,1,0,차대사람 - 기타,안전운전불이행,포장 - 건조,맑음,주차장 - 주차장,승용,남,52세,상해없음,보행자,여,33세,경상
112,2018012600100458,2018년 1월 26일 18시,금요일,대전광역시 유성구 궁동,경상사고,0,0,1,0,차대사람 - 기타,보행자보호의무위반,포장 - 건조,맑음,교차로 - 교차로횡단보도내,승용,여,42세,상해없음,보행자,여,30세,경상
113,2018012600100510,2018년 1월 26일 19시,금요일,대전광역시 서구 탄방동,경상사고,0,0,1,0,차대사람 - 횡단중,보행자보호의무위반,포장 - 건조,맑음,단일로 - 기타,승용,남,53세,상해없음,보행자,여,23세,경상
114,2018012600100545,2018년 1월 26일 20시,금요일,대전광역시 서구 갈마동,경상사고,0,0,1,0,차대사람 - 길가장자리구역통행중,안전운전불이행,포장 - 건조,맑음,기타 - 기타,승용,여,28세,상해없음,보행자,남,56세,경상
115,2018012600100575,2018년 1월 26일 21시,금요일,대전광역시 서구 갈마동,경상사고,0,0,1,0,차대사람 - 횡단중,안전운전불이행,포장 - 건조,맑음,단일로 - 기타,이륜,남,32세,상해없음,보행자,여,29세,경상
116,2018012700100152,2018년 1월 27일 09시,토요일,대전광역시 동구 소제동,경상사고,0,0,1,0,차대사람 - 기타,안전운전불이행,포장 - 건조,맑음,단일로 - 기타,승용,남,53세,상해없음,보행자,남,5세,경상
117,2018012700100521,2018년 1월 27일 22시,토요일,대전광역시 서구 관저동,중상사고,0,1,0,0,차대사람 - 횡단중,안전운전불이행,포장 - 건조,맑음,단일로 - 기타,승용,남,63세,상해없음,보행자,여,25세,중상
118,2018012700100542,2018년 1월 27일 23시,토요일,대전광역시 동구 가양동,사망사고,1,0,0,0,차대사람 - 횡단중,과속,포장 - 건조,맑음,단일로 - 기타,승용,남,42세,상해없음,보행자,남,48세,사망
119,2018012800100093,2018년 1월 28일 08시,일요일,대전광역시 중구 대흥동,경상사고,0,0,1,0,차대사람 - 횡단중,안전운전불이행,포장 - 건조,맑음,교차로 - 교차로안,승용,남,54세,상해없음,보행자,남,10세,경상
120,2018012800100333,2018년 1월 28일 19시,일요일,대전광역시 대덕구 문평동,사망사고,1,0,0,0,차대사람 - 횡단중,과속,포장 - 건조,흐림,교차로 - 교차로부근,승용,남,51세,상해없음,보행자,여,53세,사망
121,2018012800100372,2018년 1월 28일 21시,일요일,대전광역시 대덕구 오정동,부상신고사고,0,0,0,1,차대사람 - 횡단중,안전운전불이행,포장 - 건조,맑음,단일로 - 기타,이륜,남,28세,상해없음,보행자,여,70세,부상신고
122,2018012900100116,2018년 1월 29일 08시,월요일,대전광역시 유성구 궁동,중상사고,0,1,0,0,차대사람 - 횡단중,보행자보호의무위반,포장 - 건조,맑음,단일로 - 기타,승용,남,50세,상해없음,보행자,여,38세,중상
123,2018012900100337,2018년 1월 29일 15시,월요일,대전광역시 유성구 봉명동,경상사고,0,0,1,0,차대사람 - 기타,안전운전불이행,포장 - 건조,맑음,단일로 - 기타,승용,남,56세,상해없음,보행자,여,19세,경상
124,2018012900100467,2018년 1월 29일 19시,월요일,대전광역시 서구 둔산동,중상사고,0,1,0,0,차대사람 - 횡단중,안전운전불이행,포장 - 건조,맑음,교차로 - 교차로안,승용,남,30세,상해없음,보행자,여,13세,중상
125,2018013000100077,2018년 1월 30일 06시,화요일,대전광역시 대덕구 비래동,사망사고,1,0,0,0,차대사람 - 횡단중,안전운전불이행,포장 - 젖음/습기,흐림,단일로 - 기타,승용,남,58세,기타불명,보행자,여,83세,사망
126,2018013000100622,2018년 1월 30일 22시,화요일,대전광역시 대덕구 송촌동,경상사고,0,0,1,0,차대사람 - 횡단중,안전운전불이행,포장 - 건조,맑음,교차로 - 교차로안,승용,남,50세,상해없음,보행자,여,51세,경상
127,2018013000100647,2018년 1월 30일 23시,화요일,대전광역시 중구 유천동,중상사고,0,1,0,0,차대사람 - 횡단중,안전운전불이행,포장 - 건조,맑음,교차로 - 교차로안,승용,남,59세,상해없음,보행자,남,65세,중상
128,2018013100100195,2018년 1월 31일 09시,수요일,대전광역시 서구 둔산동,경상사고,0,0,1,0,차대사람 - 기타,신호위반,포장 - 건조,맑음,교차로 - 교차로안,승용,남,56세,상해없음,보행자,여,22세,경상
129,2018020100100034,2018년 2월 1일 01시,목요일,대전광역시 동구 가양동,중상사고,0,1,0,0,차대사람 - 횡단중,안전운전불이행,포장 - 건조,맑음,교차로 - 교차로횡단보도내,승용,남,63세,상해없음,보행자,남,38세,중상
130,2018020100100106,2018년 2월 1일 07시,목요일,대전광역시 서구 탄방동,중상사고,0,1,0,0,차대사람 - 횡단중,보행자보호의무위반,포장 - 건조,맑음,교차로 - 교차로횡단보도내,건설기계,남,34세,상해없음,보행자,여,28세,중상
131,2018020100100223,2018년 2월 1일 10시,목요일,대전광역시 대덕구 신탄진동,경상사고,0,0,1,0,차대사람 - 기타,안전운전불이행,포장 - 건조,맑음,단일로 - 기타,승용,남,81세,상해없음,보행자,여,68세,경상
132,2018020100100560,2018년 2월 1일 19시,목요일,대전광역시 동구 홍도동,경상사고,0,0,1,0,차대사람 - 기타,안전운전불이행,포장 - 건조,맑음,단일로 - 기타,원동기,남,55세,기타불명,보행자,여,24세,경상
133,2018020100100561,2018년 2월 1일 19시,목요일,대전광역시 서구 탄방동,경상사고,0,0,1,0,차대사람 - 기타,안전운전불이행,포장 - 건조,맑음,단일로 - 기타,화물,남,59세,상해없음,보행자,남,46세,경상
134,2018020200100189,2018년 2월 2일 09시,금요일,대전광역시 동구 원동,경상사고,0,0,1,0,차대사람 - 기타,안전운전불이행,포장 - 건조,맑음,교차로 - 교차로안,승용,여,65세,상해없음,보행자,여,44세,경상
135,2018020200100372,2018년 2월 2일 15시,금요일,대전광역시 중구 선화동,경상사고,0,0,1,0,차대사람 - 횡단중,안전운전불이행,포장 - 건조,맑음,교차로 - 교차로부근,승용,남,49세,상해없음,보행자,여,47세,경상
136,2018020200100399,2018년 2월 2일 16시,금요일,대전광역시 동구 중동,경상사고,0,0,1,0,차대사람 - 기타,안전운전불이행,포장 - 건조,맑음,단일로 - 기타,승용,여,61세,상해없음,보행자,여,86세,경상
137,2018020200100485,2018년 2월 2일 18시,금요일,대전광역시 유성구 지족동,경상사고,0,0,1,0,차대사람 - 횡단중,보행자보호의무위반,포장 - 건조,맑음,단일로 - 기타,승용,남,63세,상해없음,보행자,여,43세,경상
138,2018020300100084,2018년 2월 3일 03시,토요일,대전광역시 중구 문창동,사망사고,1,0,0,0,차대사람 - 횡단중,과속,포장 - 건조,맑음,단일로 - 기타,승용,남,27세,상해없음,보행자,여,22세,사망
139,2018020300100184,2018년 2월 3일 09시,토요일,대전광역시 서구 둔산동,경상사고,0,0,1,0,차대사람 - 기타,안전운전불이행,포장 - 건조,맑음,교차로 - 교차로횡단보도내,승용,여,46세,상해없음,보행자,여,60세,경상
140,2018020300100269,2018년 2월 3일 11시,토요일,대전광역시 서구 도마동,경상사고,0,0,1,0,차대사람 - 횡단중,안전운전불이행,포장 - 건조,맑음,단일로 - 기타,승용,남,62세,상해없음,보행자,남,76세,경상
141,2018020300100475,2018년 2월 3일 16시,토요일,대전광역시 서구 복수동,경상사고,0,0,2,0,차대사람 - 보도통행중,안전운전불이행,포장 - 건조,맑음,단일로 - 기타,화물,남,45세,상해없음,보행자,여,44세,경상
142,2018020400100024,2018년 2월 4일 00시,일요일,대전광역시 서구 둔산동,중상사고,0,1,0,0,차대사람 - 기타,안전운전불이행,포장 - 건조,맑음,단일로 - 기타,승용,남,29세,상해없음,보행자,남,21세,중상
143,2018020400100185,2018년 2월 4일 10시,일요일,대전광역시 서구 갈마동,경상사고,0,0,1,0,차대사람 - 기타,안전운전불이행,포장 - 건조,맑음,단일로 - 기타,승용,남,61세,상해없음,보행자,여,20세,경상
144,2018020400100227,2018년 2월 4일 12시,일요일,대전광역시 서구 변동,사망사고,1,0,0,0,차대사람 - 횡단중,안전운전불이행,포장 - 건조,맑음,단일로 - 기타,승용,남,27세,상해없음,보행자,여,89세,사망
145,2018020400100404,2018년 2월 4일 18시,일요일,대전광역시 서구 월평동,중상사고,0,1,0,0,차대사람 - 횡단중,안전운전불이행,포장 - 건조,흐림,단일로 - 기타,승용,남,57세,상해없음,보행자,남,75세,중상
146,2018020400100427,2018년 2월 4일 19시,일요일,대전광역시 동구 정동,경상사고,0,0,1,0,차대사람 - 기타,안전운전불이행,포장 - 건조,맑음,단일로 - 기타,승용,남,19세,상해없음,보행자,남,42세,경상
147,2018020400100428,2018년 2월 4일 19시,일요일,대전광역시 대덕구 오정동,중상사고,0,1,0,0,차대사람 - 기타,안전운전불이행,포장 - 건조,맑음,단일로 - 기타,기타불명,기타불명,미분류,기타불명,보행자,남,53세,중상
148,2018020500100074,2018년 2월 5일 06시,월요일,대전광역시 서구 갈마동,중상사고,0,1,0,0,차대사람 - 횡단중,보행자보호의무위반,포장 - 건조,맑음,교차로 - 교차로횡단보도내,승용,남,56세,상해없음,보행자,여,56세,중상
149,2018020500100146,2018년 2월 5일 08시,월요일,대전광역시 대덕구 송촌동,경상사고,0,0,1,0,차대사람 - 기타,안전운전불이행,포장 - 건조,맑음,단일로 - 기타,화물,남,42세,상해없음,보행자,남,89세,경상
150,2018020500100194,2018년 2월 5일 09시,월요일,대전광역시 동구 정동,경상사고,0,0,1,0,차대사람 - 기타,안전운전불이행,포장 - 건조,맑음,단일로 - 기타,승용,여,24세,상해없음,보행자,남,52세,경상
151,2018020500100596,2018년 2월 5일 21시,월요일,대전광역시 서구 정림동,중상사고,0,1,0,0,차대사람 - 횡단중,보행자보호의무위반,포장 - 건조,맑음,교차로 - 교차로횡단보도내,이륜,여,47세,상해없음,보행자,여,18세,중상
152,2018020600100019,2018년 2월 6일 00시,화요일,대전광역시 서구 둔산동,경상사고,0,0,1,0,차대사람 - 길가장자리구역통행중,안전운전불이행,포장 - 건조,맑음,단일로 - 기타,승용,남,24세,상해없음,보행자,남,20세,경상
153,2018020600100415,2018년 2월 6일 16시,화요일,대전광역시 서구 갈마동,경상사고,0,0,1,0,차대사람 - 횡단중,신호위반,포장 - 건조,맑음,교차로 - 교차로부근,승용,남,33세,상해없음,보행자,여,15세,경상
154,2018020600100416,2018년 2월 6일 16시,화요일,대전광역시 서구 갈마동,경상사고,0,0,1,0,차대사람 - 횡단중,신호위반,포장 - 건조,맑음,교차로 - 교차로횡단보도내,화물,남,55세,상해없음,보행자,남,8세,경상
155,2018020700100029,2018년 2월 7일 01시,수요일,대전광역시 서구 둔산동,중상사고,0,1,0,0,차대사람 - 길가장자리구역통행중,안전운전불이행,포장 - 적설,눈,단일로 - 기타,승용,기타불명,미분류,기타불명,보행자,남,38세,중상
156,2018020700100057,2018년 2월 7일 04시,수요일,대전광역시 서구 둔산동,경상사고,0,0,1,0,차대사람 - 횡단중,신호위반,포장 - 적설,흐림,교차로 - 교차로횡단보도내,승용,남,58세,상해없음,보행자,여,60세,경상
157,2018020700100117,2018년 2월 7일 07시,수요일,대전광역시 대덕구 석봉동,중상사고,0,1,0,0,차대사람 - 기타,안전운전불이행,포장 - 젖음/습기,흐림,기타 - 기타,승용,여,42세,상해없음,보행자,여,71세,중상
158,2018020700100612,2018년 2월 7일 20시,수요일,대전광역시 유성구 어은동,경상사고,0,0,1,0,차대사람 - 횡단중,보행자보호의무위반,포장 - 건조,맑음,교차로 - 교차로횡단보도내,승용,남,28세,상해없음,보행자,여,26세,경상
159,2018020800100164,2018년 2월 8일 08시,목요일,대전광역시 서구 가장동,경상사고,0,0,1,0,차대사람 - 횡단중,안전운전불이행,포장 - 건조,맑음,기타 - 기타,승용,남,79세,상해없음,보행자,여,8세,경상
160,2018020800100425,2018년 2월 8일 15시,목요일,대전광역시 유성구 장대동,중상사고,0,1,0,0,차대사람 - 기타,안전운전불이행,포장 - 건조,맑음,단일로 - 기타,승용,남,35세,상해없음,보행자,남,76세,중상
161,2018020800100602,2018년 2월 8일 19시,목요일,대전광역시 동구 대동,중상사고,0,1,0,0,차대사람 - 횡단중,보행자보호의무위반,포장 - 건조,맑음,교차로 - 교차로안,승용,남,33세,상해없음,보행자,여,34세,중상
162,2018020800100633,2018년 2월 8일 20시,목요일,대전광역시 중구 유천동,부상신고사고,0,0,0,1,차대사람 - 횡단중,안전운전불이행,포장 - 건조,맑음,교차로 - 교차로안,화물,남,67세,상해없음,보행자,여,53세,부상신고
163,2018020800100671,2018년 2월 8일 21시,목요일,대전광역시 서구 둔산동,부상신고사고,0,0,0,1,차대사람 - 기타,안전운전불이행,포장 - 건조,맑음,단일로 - 기타,기타불명,기타불명,미분류,기타불명,보행자,남,19세,부상신고
164,2018020900100026,2018년 2월 9일 00시,금요일,대전광역시 서구 둔산동,중상사고,0,1,0,0,차대사람 - 횡단중,보행자보호의무위반,포장 - 건조,맑음,교차로 - 교차로횡단보도내,승용,남,29세,상해없음,보행자,남,55세,중상
165,2018020900100049,2018년 2월 9일 02시,금요일,대전광역시 중구 문화동,사망사고,1,0,0,0,차대사람 - 횡단중,안전운전불이행,포장 - 건조,맑음,교차로 - 교차로부근,화물,남,58세,상해없음,보행자,남,49세,사망
166,2018020900100112,2018년 2월 9일 07시,금요일,대전광역시 동구 대성동,중상사고,0,1,0,0,차대사람 - 기타,안전운전불이행,포장 - 건조,맑음,교차로 - 교차로횡단보도내,승용,여,38세,상해없음,보행자,여,62세,중상
167,2018020900100403,2018년 2월 9일 15시,금요일,대전광역시 대덕구 와동,경상사고,0,0,1,0,차대사람 - 횡단중,보행자보호의무위반,포장 - 건조,맑음,교차로 - 교차로부근,승용,남,76세,상해없음,보행자,여,71세,경상
168,2018020900100771,2018년 2월 9일 23시,금요일,대전광역시 중구 선화동,중상사고,0,1,0,0,차대사람 - 기타,안전운전불이행,포장 - 건조,맑음,단일로 - 기타,승용,남,61세,상해없음,보행자,남,59세,중상
169,2018020900100772,2018년 2월 9일 23시,금요일,대전광역시 유성구 봉명동,경상사고,0,0,1,0,차대사람 - 보도통행중,안전운전불이행,포장 - 건조,맑음,단일로 - 기타,승합,남,36세,상해없음,보행자,남,36세,경상
170,2018021000100238,2018년 2월 10일 11시,토요일,대전광역시 서구 흑석동,사망사고,1,0,0,0,차대사람 - 횡단중,안전운전불이행,포장 - 건조,맑음,단일로 - 기타,화물,남,62세,상해없음,보행자,여,74세,사망
171,2018021100100086,2018년 2월 11일 05시,일요일,대전광역시 동구 정동,중상사고,0,1,0,0,차대사람 - 기타,안전운전불이행,포장 - 건조,맑음,교차로 - 교차로부근,승용,남,75세,상해없음,보행자,여,83세,중상
172,2018021100100151,2018년 2월 11일 10시,일요일,대전광역시 서구 용문동,중상사고,0,1,0,0,차대사람 - 기타,안전운전불이행,포장 - 건조,맑음,단일로 - 기타,승용,여,45세,상해없음,보행자,여,80세,중상
173,2018021100100459,2018년 2월 11일 22시,일요일,대전광역시 유성구 하기동,경상사고,0,0,1,0,차대사람 - 기타,안전운전불이행,포장 - 적설,흐림,단일로 - 기타,승합,남,46세,상해없음,보행자,여,22세,경상
174,2018021200100146,2018년 2월 12일 08시,월요일,대전광역시 서구 갈마동,경상사고,0,0,1,0,차대사람 - 길가장자리구역통행중,안전운전불이행,포장 - 적설,눈,단일로 - 기타,승용,여,31세,상해없음,보행자,여,23세,경상
175,2018021200100224,2018년 2월 12일 10시,월요일,대전광역시 중구 문화동,경상사고,0,0,1,0,차대사람 - 횡단중,보행자보호의무위반,포장 - 젖음/습기,맑음,교차로 - 교차로횡단보도내,승용,남,66세,상해없음,보행자,여,13세,경상
176,2018021200100326,2018년 2월 12일 13시,월요일,대전광역시 중구 문창동,경상사고,0,0,1,0,차대사람 - 횡단중,안전운전불이행,포장 - 건조,맑음,단일로 - 기타,승용,남,45세,상해없음,보행자,남,59세,경상
177,2018021200100372,2018년 2월 12일 14시,월요일,대전광역시 동구 신흥동,경상사고,0,0,1,0,차대사람 - 횡단중,안전운전불이행,포장 - 건조,맑음,교차로 - 교차로안,기타불명,기타불명,미분류,기타불명,보행자,여,74세,경상
178,2018021200100467,2018년 2월 12일 16시,월요일,대전광역시 동구 성남동,중상사고,0,1,0,0,차대사람 - 횡단중,신호위반,포장 - 건조,맑음,단일로 - 기타,화물,남,58세,상해없음,보행자,여,50세,중상
179,2018021200100578,2018년 2월 12일 18시,월요일,대전광역시 서구 월평동,경상사고,0,0,1,0,차대사람 - 보도통행중,보행자보호의무위반,포장 - 건조,맑음,교차로 - 교차로안,승용,여,56세,상해없음,보행자,여,53세,경상
180,2018021200100709,2018년 2월 12일 21시,월요일,대전광역시 중구 유천동,중상사고,0,1,0,0,차대사람 - 횡단중,안전운전불이행,포장 - 건조,흐림,단일로 - 기타,승용,여,43세,상해없음,보행자,남,67세,중상
181,2018021200100710,2018년 2월 12일 21시,월요일,대전광역시 서구 둔산동,중상사고,0,1,0,0,차대사람 - 길가장자리구역통행중,안전운전불이행,포장 - 젖음/습기,눈,단일로 - 기타,이륜,남,19세,상해없음,보행자,남,21세,중상
182,2018021300100046,2018년 2월 13일 01시,화요일,대전광역시 서구 관저동,경상사고,0,0,1,0,차대사람 - 길가장자리구역통행중,안전운전불이행,포장 - 건조,맑음,단일로 - 기타,기타불명,기타불명,미분류,기타불명,보행자,여,20세,경상
183,2018021300100170,2018년 2월 13일 08시,화요일,대전광역시 대덕구 송촌동,경상사고,0,0,1,0,차대사람 - 기타,안전운전불이행,포장 - 서리/결빙,맑음,단일로 - 기타,승용,남,54세,상해없음,보행자,남,32세,경상
184,2018021300100171,2018년 2월 13일 08시,화요일,대전광역시 대덕구 오정동,경상사고,0,0,1,0,차대사람 - 기타,안전운전불이행,포장 - 건조,맑음,단일로 - 기타,승용,여,58세,상해없음,보행자,남,51세,경상
185,2018021300100220,2018년 2월 13일 09시,화요일,대전광역시 중구 대사동,중상사고,0,1,0,0,차대사람 - 보도통행중,기타,포장 - 서리/결빙,흐림,교차로 - 교차로부근,승용,남,26세,상해없음,보행자,여,37세,중상
186,2018021300100267,2018년 2월 13일 10시,화요일,대전광역시 서구 괴정동,경상사고,0,0,1,0,차대사람 - 횡단중,신호위반,포장 - 젖음/습기,맑음,교차로 - 교차로횡단보도내,승용,여,53세,상해없음,보행자,여,40세,경상
187,2018021300100465,2018년 2월 13일 15시,화요일,대전광역시 동구 가오동,중상사고,0,1,0,0,차대사람 - 기타,안전운전불이행,포장 - 건조,맑음,단일로 - 기타,승용,여,38세,상해없음,보행자,남,65세,중상
188,2018021300100570,2018년 2월 13일 17시,화요일,대전광역시 중구 대사동,경상사고,0,0,1,0,차대사람 - 기타,안전운전불이행,포장 - 건조,맑음,교차로 - 교차로안,승용,여,50세,상해없음,보행자,남,27세,경상
189,2018021300100725,2018년 2월 13일 20시,화요일,대전광역시 유성구 전민동,중상사고,0,1,0,0,차대사람 - 횡단중,보행자보호의무위반,포장 - 건조,맑음,기타 - 기타,승용,남,50세,상해없음,보행자,여,50세,중상
190,2018021300100761,2018년 2월 13일 21시,화요일,대전광역시 중구 유천동,경상사고,0,0,1,0,차대사람 - 횡단중,안전운전불이행,포장 - 건조,맑음,교차로 - 교차로안,승용,남,21세,기타불명,보행자,여,64세,경상
191,2018021400100327,2018년 2월 14일 13시,수요일,대전광역시 서구 만년동,중상사고,0,1,0,0,차대사람 - 횡단중,보행자보호의무위반,포장 - 건조,맑음,교차로 - 교차로횡단보도내,승용,여,41세,상해없음,보행자,남,66세,중상
192,2018021400100446,2018년 2월 14일 16시,수요일,대전광역시 서구 내동,경상사고,0,0,1,0,차대사람 - 기타,안전운전불이행,포장 - 건조,맑음,단일로 - 기타,이륜,남,21세,상해없음,보행자,여,18세,경상
193,2018021400100493,2018년 2월 14일 17시,수요일,대전광역시 서구 관저동,경상사고,0,0,1,0,차대사람 - 횡단중,신호위반,포장 - 건조,맑음,교차로 - 교차로횡단보도내,승용,남,23세,상해없음,보행자,남,7세,경상
194,2018021400100721,2018년 2월 14일 22시,수요일,대전광역시 서구 갈마동,경상사고,0,0,1,0,차대사람 - 기타,안전운전불이행,포장 - 건조,맑음,단일로 - 기타,승합,여,48세,상해없음,보행자,남,26세,경상
195,2018021400100722,2018년 2월 14일 22시,수요일,대전광역시 유성구 지족동,경상사고,0,0,1,0,차대사람 - 기타,안전운전불이행,포장 - 건조,맑음,단일로 - 기타,승용,남,29세,상해없음,보행자,남,47세,경상
196,2018021400100724,2018년 2월 14일 22시,수요일,대전광역시 유성구 구암동,경상사고,0,0,1,0,차대사람 - 길가장자리구역통행중,안전운전불이행,포장 - 건조,맑음,교차로 - 교차로부근,승용,남,23세,상해없음,보행자,남,48세,경상
197,2018021500100281,2018년 2월 15일 15시,목요일,대전광역시 서구 가수원동,중상사고,0,1,0,0,차대사람 - 기타,안전운전불이행,포장 - 건조,맑음,단일로 - 기타,승용,여,48세,상해없음,보행자,여,53세,중상
198,2018021700100133,2018년 2월 17일 12시,토요일,대전광역시 동구 용운동,경상사고,0,0,1,0,차대사람 - 횡단중,안전운전불이행,포장 - 건조,맑음,교차로 - 교차로안,승용,남,69세,상해없음,보행자,남,63세,경상
199,2018021700100212,2018년 2월 17일 16시,토요일,대전광역시 중구 대흥동,경상사고,0,0,1,0,차대사람 - 기타,안전운전불이행,포장 - 건조,맑음,교차로 - 교차로안,화물,남,52세,상해없음,보행자,남,22세,경상
200,2018021700100343,2018년 2월 17일 21시,토요일,대전광역시 서구 둔산동,중상사고,0,1,0,0,차대사람 - 길가장자리구역통행중,안전운전불이행,포장 - 건조,맑음,단일로 - 기타,승용,남,27세,상해없음,보행자,여,25세,중상
201,2018021800100026,2018년 2월 18일 01시,일요일,대전광역시 서구 월평동,중상사고,0,1,0,0,차대사람 - 횡단중,신호위반,포장 - 건조,맑음,교차로 - 교차로안,승용,남,55세,상해없음,보행자,남,32세,중상
202,2018021800100200,2018년 2월 18일 15시,일요일,대전광역시 유성구 궁동,경상사고,0,0,1,0,차대사람 - 기타,안전운전불이행,포장 - 건조,맑음,단일로 - 기타,승용,여,47세,상해없음,보행자,여,21세,경상
203,2018021800100273,2018년 2월 18일 19시,일요일,대전광역시 중구 오류동,경상사고,0,0,1,0,차대사람 - 횡단중,안전운전불이행,포장 - 건조,맑음,교차로 - 교차로안,화물,남,51세,상해없음,보행자,남,16세,경상
204,2018021900100291,2018년 2월 19일 16시,월요일,대전광역시 중구 대흥동,중상사고,0,1,0,0,차대사람 - 기타,기타,포장 - 건조,맑음,단일로 - 기타,승용,여,37세,상해없음,보행자,남,50세,중상
205,2018021900100322,2018년 2월 19일 17시,월요일,대전광역시 서구 갈마동,중상사고,0,1,0,0,차대사람 - 길가장자리구역통행중,안전운전불이행,포장 - 건조,맑음,단일로 - 기타,승용,여,26세,상해없음,보행자,남,11세,중상
206,2018021900100407,2018년 2월 19일 19시,월요일,대전광역시 중구 대흥동,경상사고,0,0,1,0,차대사람 - 횡단중,보행자보호의무위반,포장 - 건조,맑음,단일로 - 기타,승용,남,57세,상해없음,보행자,여,26세,경상
207,2018021900100439,2018년 2월 19일 20시,월요일,대전광역시 동구 용전동,경상사고,0,0,1,0,차대사람 - 횡단중,신호위반,포장 - 건조,맑음,교차로 - 교차로부근,승용,남,72세,상해없음,보행자,남,61세,경상
208,2018022000100048,2018년 2월 20일 03시,화요일,대전광역시 유성구 신성동,경상사고,0,0,1,0,차대사람 - 기타,안전운전불이행,포장 - 건조,맑음,단일로 - 기타,승용,남,67세,상해없음,보행자,남,36세,경상
209,2018022000100160,2018년 2월 20일 09시,화요일,대전광역시 중구 산성동,경상사고,0,0,1,0,차대사람 - 횡단중,보행자보호의무위반,포장 - 건조,맑음,교차로 - 교차로부근,승용,남,45세,상해없음,보행자,남,80세,경상
210,2018022000100216,2018년 2월 20일 11시,화요일,대전광역시 대덕구 덕암동,사망사고,1,0,0,0,차대사람 - 길가장자리구역통행중,안전운전불이행,포장 - 건조,맑음,단일로 - 기타,화물,남,49세,상해없음,보행자,남,79세,사망
211,2018022000100297,2018년 2월 20일 14시,화요일,대전광역시 유성구 교촌동,경상사고,0,0,1,0,차대사람 - 기타,신호위반,포장 - 건조,맑음,교차로 - 교차로부근,화물,남,42세,상해없음,보행자,여,10세,경상
212,2018022100100267,2018년 2월 21일 15시,수요일,대전광역시 서구 탄방동,경상사고,0,0,1,0,차대사람 - 기타,안전운전불이행,포장 - 건조,맑음,단일로 - 기타,승용,여,57세,상해없음,보행자,여,53세,경상
213,2018022100100356,2018년 2월 21일 18시,수요일,대전광역시 중구 유천동,경상사고,0,0,1,0,차대사람 - 차도통행중,안전운전불이행,포장 - 건조,맑음,교차로 - 교차로부근,승용,남,50세,상해없음,보행자,남,57세,경상
214,2018022200100423,2018년 2월 22일 18시,목요일,대전광역시 중구 오류동,중상사고,0,1,0,0,차대사람 - 횡단중,안전운전불이행,포장 - 건조,맑음,교차로 - 교차로안,승용,남,46세,상해없음,보행자,남,59세,중상
215,2018022200100488,2018년 2월 22일 20시,목요일,대전광역시 대덕구 대화동,경상사고,0,0,1,0,차대사람 - 기타,안전운전불이행,포장 - 건조,맑음,단일로 - 기타,화물,남,42세,상해없음,보행자,남,53세,경상
216,2018022300100196,2018년 2월 23일 09시,금요일,대전광역시 서구 관저동,중상사고,0,1,0,0,차대사람 - 횡단중,보행자보호의무위반,포장 - 건조,맑음,교차로 - 교차로안,승용,남,40세,상해없음,보행자,여,74세,중상
217,2018022300100359,2018년 2월 23일 15시,금요일,대전광역시 서구 갈마동,중상사고,0,1,0,0,차대사람 - 횡단중,보행자보호의무위반,포장 - 건조,맑음,교차로 - 교차로횡단보도내,승합,남,75세,상해없음,보행자,여,20세,중상