,사고번호,사고일시,요일,시군구,사고내용,사망자수,중상자수,경상자수,부상신고자수,사고유형,법규위반,노면상태,기상상태,도로형태,가해운전자 차종,가해운전자 성별,가해운전자 연령,가해운전자 상해정도,피해운전자 차종,피해운전자 성별,피해운전자 연령,피해운전자 상해정도
544,2018050500100246,2018년 5월 5일 11시,토요일,대전광역시 서구 탄방동,중상사고,0,1,0,0,차대사람 - 횡단중,보행자보호의무위반,포장 - 건조,맑음,교차로 - 교차로횡단보도내,승합,여,58세,상해없음,보행자,남,70세,중상
545,2018050500100305,2018년 5월 5일 13시,토요일,대전광역시 동구 용전동,경상사고,0,0,1,0,차대사람 - 기타,안전운전불이행,포장 - 건조,맑음,단일로 - 기타,기타불명,기타불명,미분류,기타불명,보행자,남,68세,경상
546,2018050500100597,2018년 5월 5일 21시,토요일,대전광역시 유성구 장대동,경상사고,0,0,1,0,차대사람 - 차도통행중,안전운전불이행,포장 - 건조,맑음,교차로 - 교차로부근,승용,남,29세,상해없음,보행자,남,51세,경상
547,2018050500100625,2018년 5월 5일 22시,토요일,대전광역시 서구 탄방동,중상사고,0,1,0,0,차대사람 - 기타,안전운전불이행,포장 - 건조,맑음,단일로 - 기타,승용,남,36세,상해없음,보행자,남,51세,중상
548,2018050500100645,2018년 5월 5일 23시,토요일,대전광역시 동구 가양동,경상사고,0,0,1,0,차대사람 - 횡단중,안전운전불이행,포장 - 건조,흐림,교차로 - 교차로안,화물,남,62세,상해없음,보행자,남,49세,경상
549,2018050600100404,2018년 5월 6일 21시,일요일,대전광역시 유성구 죽동,경상사고,0,0,1,0,차대사람 - 기타,안전운전불이행,포장 - 젖음/습기,흐림,교차로 - 교차로부근,승용,남,34세,상해없음,보행자,여,33세,경상
550,2018050700100299,2018년 5월 7일 15시,월요일,대전광역시 중구 선화동,경상사고,0,0,1,0,차대사람 - 횡단중,안전운전불이행,포장 - 건조,맑음,단일로 - 기타,승용,남,53세,상해없음,보행자,여,7세,경상
551,2018050700100338,2018년 5월 7일 16시,월요일,대전광역시 중구 옥계동,경상사고,0,0,1,0,차대사람 - 기타,보행자보호의무위반,포장 - 건조,맑음,교차로 - 교차로안,화물,남,70세,상해없음,보행자,남,59세,경상
552,2018050700100379,2018년 5월 7일 17시,월요일,대전광역시 서구 둔산동,경상사고,0,0,1,0,차대사람 - 차도통행중,안전운전불이행,포장 - 건조,맑음,단일로 - 기타,승용,여,53세,상해없음,보행자,남,23세,경상
553,2018050700100443,2018년 5월 7일 19시,월요일,대전광역시 유성구 구암동,경상사고,0,0,1,0,차대사람 - 길가장자리구역통행중,안전운전불이행,포장 - 건조,맑음,단일로 - 기타,승용,여,33세,상해없음,보행자,남,52세,경상
554,2018050800100154,2018년 5월 8일 09시,화요일,대전광역시 서구 둔산동,부상신고사고,0,0,0,1,차대사람 - 기타,안전운전불이행,포장 - 건조,맑음,교차로 - 교차로안,화물,남,57세,상해없음,보행자,여,56세,부상신고
555,2018050800100299,2018년 5월 8일 14시,화요일,대전광역시 서구 만년동,경상사고,0,0,1,0,차대사람 - 기타,기타,포장 - 건조,맑음,단일로 - 기타,승합,남,58세,상해없음,보행자,여,49세,경상
556,2018050800100441,2018년 5월 8일 17시,화요일,대전광역시 동구 삼성동,중상사고,0,1,0,0,차대사람 - 기타,안전운전불이행,포장 - 건조,맑음,단일로 - 기타,승용,여,38세,상해없음,보행자,남,71세,중상
557,2018050900100132,2018년 5월 9일 08시,수요일,대전광역시 서구 탄방동,경상사고,0,0,1,0,차대사람 - 횡단중,보행자보호의무위반,포장 - 건조,맑음,단일로 - 기타,승용,남,46세,상해없음,보행자,남,7세,경상
558,2018050900100290,2018년 5월 9일 13시,수요일,대전광역시 중구 유천동,중상사고,0,1,0,0,차대사람 - 길가장자리구역통행중,중앙선침범,포장 - 건조,맑음,단일로 - 기타,승합,남,45세,상해없음,보행자,여,57세,중상
559,2018050900100400,2018년 5월 9일 16시,수요일,대전광역시 대덕구 송촌동,중상사고,0,1,0,0,차대사람 - 횡단중,보행자보호의무위반,포장 - 건조,맑음,교차로 - 교차로안,승용,남,56세,상해없음,보행자,여,8세,중상
560,2018050900100401,2018년 5월 9일 16시,수요일,대전광역시 유성구 원내동,중상사고,0,1,0,0,차대사람 - 횡단중,안전운전불이행,포장 - 건조,맑음,단일로 - 기타,승용,여,54세,상해없음,보행자,여,79세,중상
561,2018051000100019,2018년 5월 10일 00시,목요일,대전광역시 서구 둔산동,경상사고,0,0,1,0,차대사람 - 기타,안전운전불이행,포장 - 건조,맑음,교차로 - 교차로안,승용,남,23세,상해없음,보행자,남,19세,경상
562,2018051000100020,2018년 5월 10일 00시,목요일,대전광역시 유성구 장대동,사망사고,1,0,0,0,차대사람 - 길가장자리구역통행중,안전운전불이행,포장 - 건조,맑음,단일로 - 기타,화물,남,35세,상해없음,보행자,남,62세,사망
563,2018051000100237,2018년 5월 10일 11시,목요일,대전광역시 서구 변동,중상사고,0,1,0,0,차대사람 - 기타,안전운전불이행,포장 - 건조,맑음,단일로 - 기타,승용,남,69세,상해없음,보행자,여,70세,중상
564,2018051000100239,2018년 5월 10일 11시,목요일,대전광역시 유성구 구암동,경상사고,0,0,1,0,차대사람 - 기타,안전운전불이행,포장 - 건조,맑음,단일로 - 기타,승용,남,76세,상해없음,보행자,남,26세,경상
565,2018051000100343,2018년 5월 10일 14시,목요일,대전광역시 중구 유천동,경상사고,0,0,1,0,차대사람 - 보도통행중,신호위반,포장 - 건조,맑음,단일로 - 기타,이륜,남,82세,상해없음,보행자,여,6세,경상
566,2018051000100415,2018년 5월 10일 16시,목요일,대전광역시 동구 가양동,경상사고,0,0,1,0,차대사람 - 기타,안전운전불이행,포장 - 건조,맑음,단일로 - 기타,승용,여,38세,기타불명,보행자,여,69세,경상
567,2018051000100472,2018년 5월 10일 17시,목요일,대전광역시 서구 괴정동,중상사고,0,1,0,0,차대사람 - 횡단중,안전운전불이행,포장 - 건조,맑음,교차로 - 교차로횡단보도내,승용,남,59세,상해없음,보행자,남,9세,중상
568,2018051000100473,2018년 5월 10일 17시,목요일,대전광역시 대덕구 오정동,중상사고,0,1,0,0,차대사람 - 차도통행중,안전운전불이행,포장 - 건조,맑음,단일로 - 기타,이륜,남,43세,상해없음,보행자,남,62세,중상
569,2018051100100163,2018년 5월 11일 09시,금요일,대전광역시 동구 가양동,중상사고,0,1,0,0,차대사람 - 길가장자리구역통행중,안전운전불이행,포장 - 건조,맑음,단일로 - 기타,승합,남,33세,상해없음,보행자,여,77세,중상
570,2018051100100372,2018년 5월 11일 15시,금요일,대전광역시 중구 산성동,중상사고,0,1,0,0,차대사람 - 기타,신호위반,포장 - 건조,맑음,교차로 - 교차로횡단보도내,승합,남,62세,상해없음,보행자,여,71세,중상
571,2018051100100374,2018년 5월 11일 15시,금요일,대전광역시 서구 둔산동,경상사고,0,0,1,0,차대사람 - 길가장자리구역통행중,기타,포장 - 건조,맑음,단일로 - 기타,승용,남,65세,상해없음,보행자,여,27세,경상
572,2018051100100420,2018년 5월 11일 16시,금요일,대전광역시 서구 둔산동,중상사고,0,1,0,0,차대사람 - 보도통행중,기타,포장 - 건조,맑음,교차로 - 교차로안,승용,남,49세,상해없음,보행자,여,26세,중상
573,2018051200100038,2018년 5월 12일 01시,토요일,대전광역시 동구 자양동,경상사고,0,0,2,0,차대사람 - 횡단중,보행자보호의무위반,포장 - 건조,흐림,교차로 - 교차로안,이륜,남,23세,상해없음,보행자,여,19세,경상
574,2018051200100166,2018년 5월 12일 09시,토요일,대전광역시 동구 가오동,경상사고,0,0,1,0,차대사람 - 횡단중,보행자보호의무위반,포장 - 건조,맑음,교차로 - 교차로안,승용,여,71세,상해없음,보행자,여,71세,경상
575,2018051200100411,2018년 5월 12일 16시,토요일,대전광역시 서구 갈마동,경상사고,0,0,1,0,차대사람 - 기타,안전운전불이행,포장 - 젖음/습기,비,단일로 - 기타,승용,남,53세,상해없음,보행자,남,62세,경상
576,2018051300100082,2018년 5월 13일 04시,일요일,대전광역시 서구 둔산동,경상사고,0,0,1,0,차대사람 - 길가장자리구역통행중,안전운전불이행,포장 - 건조,맑음,교차로 - 교차로부근,승용,남,19세,상해없음,보행자,남,25세,경상
577,2018051300100255,2018년 5월 13일 14시,일요일,대전광역시 유성구 장대동,중상사고,0,1,0,0,차대사람 - 기타,보행자보호의무위반,포장 - 건조,맑음,교차로 - 교차로횡단보도내,승용,남,75세,상해없음,보행자,여,57세,중상
578,2018051300100400,2018년 5월 13일 18시,일요일,대전광역시 유성구 장대동,중상사고,0,1,0,0,차대사람 - 기타,안전운전불이행,포장 - 건조,맑음,단일로 - 기타,자전거,남,24세,상해없음,보행자,남,76세,중상
579,2018051300100526,2018년 5월 13일 23시,일요일,대전광역시 서구 갈마동,경상사고,0,0,2,0,차대사람 - 길가장자리구역통행중,안전운전불이행,포장 - 건조,맑음,단일로 - 기타,승용,남,25세,상해없음,보행자,남,22세,경상
580,2018051400100041,2018년 5월 14일 05시,월요일,대전광역시 서구 복수동,사망사고,1,0,0,0,차대사람 - 횡단중,안전운전불이행,포장 - 젖음/습기,안개,교차로 - 교차로횡단보도내,화물,남,33세,상해없음,보행자,남,80세,사망
581,2018051400100210,2018년 5월 14일 11시,월요일,대전광역시 동구 삼성동,경상사고,0,0,1,0,차대사람 - 횡단중,안전운전불이행,포장 - 건조,맑음,교차로 - 교차로안,승용,여,27세,상해없음,보행자,남,69세,경상
582,2018051400100464,2018년 5월 14일 18시,월요일,대전광역시 동구 삼성동,중상사고,0,1,0,0,차대사람 - 기타,안전운전불이행,포장 - 건조,맑음,교차로 - 교차로부근,승용,남,41세,상해없음,보행자,여,88세,중상
583,2018051400100522,2018년 5월 14일 20시,월요일,대전광역시 중구 태평동,중상사고,0,1,0,0,차대사람 - 기타,안전운전불이행,포장 - 건조,맑음,단일로 - 기타,자전거,남,53세,상해없음,보행자,남,26세,중상
584,2018051400100540,2018년 5월 14일 21시,월요일,대전광역시 서구 도마동,경상사고,0,0,1,0,차대사람 - 횡단중,안전운전불이행,포장 - 건조,맑음,교차로 - 교차로부근,화물,남,56세,상해없음,보행자,남,47세,경상
585,2018051500100134,2018년 5월 15일 08시,화요일,대전광역시 중구 유천동,경상사고,0,0,1,0,차대사람 - 보도통행중,안전운전불이행,포장 - 건조,맑음,교차로 - 교차로안,승용,남,69세,상해없음,보행자,여,9세,경상
586,2018051500100380,2018년 5월 15일 16시,화요일,대전광역시 중구 용두동,중상사고,0,1,0,0,차대사람 - 차도통행중,보행자보호의무위반,포장 - 건조,맑음,단일로 - 기타,승용,여,37세,상해없음,보행자,여,52세,중상
587,2018051500100587,2018년 5월 15일 23시,화요일,대전광역시 동구 가양동,중상사고,0,2,0,0,차대사람 - 기타,안전운전불이행,포장 - 건조,맑음,단일로 - 기타,화물,남,37세,상해없음,보행자,여,54세,중상
588,2018051600100129,2018년 5월 16일 09시,수요일,대전광역시 대덕구 목상동,경상사고,0,0,1,0,차대사람 - 기타,안전운전불이행,포장 - 건조,맑음,단일로 - 기타,승합,남,52세,상해없음,보행자,여,65세,경상
589,2018051600100235,2018년 5월 16일 13시,수요일,대전광역시 유성구 구암동,중상사고,0,1,0,0,차대사람 - 기타,안전운전불이행,포장 - 건조,맑음,교차로 - 교차로부근,승용,여,55세,상해없음,보행자,여,54세,중상
590,2018051600100415,2018년 5월 16일 19시,수요일,대전광역시 중구 선화동,경상사고,0,0,1,0,차대사람 - 차도통행중,안전운전불이행,포장 - 건조,맑음,단일로 - 기타,기타불명,기타불명,미분류,기타불명,보행자,남,37세,경상
591,2018051600100502,2018년 5월 16일 22시,수요일,대전광역시 서구 둔산동,중상사고,0,1,0,0,차대사람 - 기타,안전운전불이행,포장 - 건조,맑음,단일로 - 기타,이륜,남,45세,상해없음,보행자,여,20세,중상
592,2018051600100526,2018년 5월 16일 23시,수요일,대전광역시 동구 판암동,경상사고,0,0,1,0,차대사람 - 횡단중,안전운전불이행,포장 - 건조,맑음,교차로 - 교차로부근,승용,남,42세,상해없음,보행자,남,65세,경상
593,2018051700100438,2018년 5월 17일 18시,목요일,대전광역시 서구 둔산동,경상사고,0,0,1,0,차대사람 - 횡단중,보행자보호의무위반,포장 - 건조,맑음,단일로 - 기타,승용,여,33세,상해없음,보행자,여,75세,경상
594,2018051700100646,2018년 5월 17일 23시,목요일,대전광역시 동구 가오동,경상사고,0,0,1,0,차대사람 - 횡단중,안전운전불이행,포장 - 건조,맑음,단일로 - 기타,승용,남,45세,상해없음,보행자,남,39세,경상
595,2018051800100534,2018년 5월 18일 19시,금요일,대전광역시 유성구 봉명동,경상사고,0,0,1,0,차대사람 - 횡단중,안전운전불이행,포장 - 건조,맑음,교차로 - 교차로횡단보도내,승용,여,52세,상해없음,보행자,여,14세,경상
596,2018051800100656,2018년 5월 18일 22시,금요일,대전광역시 동구 용운동,중상사고,0,1,0,1,차대사람 - 기타,안전운전불이행,포장 - 건조,맑음,단일로 - 기타,승용,남,29세,상해없음,보행자,여,41세,중상
597,2018051900100312,2018년 5월 19일 12시,토요일,대전광역시 서구 갈마동,경상사고,0,0,1,0,차대사람 - 기타,안전운전불이행,포장 - 건조,맑음,기타 - 기타,승용,남,49세,상해없음,보행자,남,31세,경상
598,2018051900100450,2018년 5월 19일 15시,토요일,대전광역시 유성구 도룡동,경상사고,0,0,1,0,차대사람 - 기타,안전운전불이행,포장 - 건조,맑음,단일로 - 기타,승용,여,61세,상해없음,보행자,남,58세,경상
599,2018051900100488,2018년 5월 19일 16시,토요일,대전광역시 중구 태평동,중상사고,0,1,0,0,차대사람 - 보도통행중,기타,포장 - 건조,맑음,단일로 - 기타,승용,남,56세,상해없음,보행자,여,81세,중상
600,2018051900100675,2018년 5월 19일 21시,토요일,대전광역시 서구 갈마동,경상사고,0,0,1,0,차대사람 - 길가장자리구역통행중,안전운전불이행,포장 - 건조,맑음,단일로 - 기타,승용,여,47세,상해없음,보행자,남,21세,경상
601,2018051900100706,2018년 5월 19일 22시,토요일,대전광역시 서구 관저동,경상사고,0,0,1,0,차대사람 - 기타,안전운전불이행,포장 - 건조,맑음,단일로 - 기타,승용,남,31세,상해없음,보행자,남,40세,경상
602,2018052000100066,2018년 5월 20일 04시,일요일,대전광역시 서구 둔산동,경상사고,0,0,1,0,차대사람 - 기타,안전운전불이행,포장 - 건조,맑음,단일로 - 기타,승용,남,31세,상해없음,보행자,여,20세,경상
603,2018052100100225,2018년 5월 21일 11시,월요일,대전광역시 서구 월평동,경상사고,0,0,1,0,차대사람 - 횡단중,안전운전불이행,포장 - 건조,맑음,교차로 - 교차로안,승용,여,66세,상해없음,보행자,남,25세,경상
604,2018052100100397,2018년 5월 21일 16시,월요일,대전광역시 동구 상소동,중상사고,0,1,1,0,차대사람 - 기타,기타,포장 - 건조,맑음,단일로 - 기타,승용,남,59세,상해없음,보행자,남,12세,중상
605,2018052200100337,2018년 5월 22일 14시,화요일,대전광역시 유성구 대정동,중상사고,0,1,0,0,차대사람 - 횡단중,보행자보호의무위반,포장 - 건조,맑음,단일로 - 기타,승용,여,46세,상해없음,보행자,여,18세,중상
606,2018052200100494,2018년 5월 22일 19시,화요일,대전광역시 유성구 지족동,부상신고사고,0,0,0,1,차대사람 - 기타,안전운전불이행,포장 - 젖음/습기,비,교차로 - 교차로부근,기타불명,기타불명,미분류,기타불명,보행자,남,18세,부상신고
607,2018052200100576,2018년 5월 22일 21시,화요일,대전광역시 서구 탄방동,경상사고,0,0,1,0,차대사람 - 횡단중,안전운전불이행,포장 - 젖음/습기,비,교차로 - 교차로부근,승용,남,50세,상해없음,보행자,여,17세,경상
608,2018052200100628,2018년 5월 22일 23시,화요일,대전광역시 대덕구 송촌동,중상사고,0,1,0,0,차대사람 - 횡단중,안전운전불이행,포장 - 젖음/습기,비,교차로 - 교차로횡단보도내,승용,남,55세,상해없음,보행자,남,47세,중상
609,2018052300100026,2018년 5월 23일 01시,수요일,대전광역시 중구 유천동,경상사고,0,0,1,0,차대사람 - 차도통행중,중앙선침범,포장 - 젖음/습기,비,단일로 - 기타,승용,남,23세,상해없음,보행자,여,62세,경상
610,2018052300100140,2018년 5월 23일 08시,수요일,대전광역시 동구 가양동,중상사고,0,1,0,0,차대사람 - 횡단중,안전운전불이행,포장 - 건조,맑음,단일로 - 기타,승용,남,49세,상해없음,보행자,여,17세,중상
611,2018052300100183,2018년 5월 23일 09시,수요일,대전광역시 동구 홍도동,경상사고,0,0,1,0,차대사람 - 횡단중,보행자보호의무위반,포장 - 건조,맑음,교차로 - 교차로횡단보도내,승용,여,38세,상해없음,보행자,여,52세,경상
612,2018052300100289,2018년 5월 23일 12시,수요일,대전광역시 대덕구 신탄진동,중상사고,0,1,0,0,차대사람 - 기타,교차로운행방법위반,포장 - 건조,맑음,교차로 - 교차로부근,승용,남,52세,상해없음,보행자,남,38세,중상
613,2018052300100481,2018년 5월 23일 17시,수요일,대전광역시 서구 내동,중상사고,0,1,1,0,차대사람 - 기타,안전운전불이행,포장 - 건조,맑음,주차장 - 주차장,승용,남,42세,상해없음,보행자,여,42세,중상
614,2018052400100143,2018년 5월 24일 08시,목요일,대전광역시 대덕구 법동,경상사고,0,0,1,0,차대사람 - 횡단중,안전운전불이행,포장 - 건조,맑음,단일로 - 기타,승용,남,40세,상해없음,보행자,여,11세,경상
615,2018052400100588,2018년 5월 24일 21시,목요일,대전광역시 서구 월평동,중상사고,0,1,0,0,차대사람 - 횡단중,안전운전불이행,포장 - 건조,맑음,단일로 - 기타,승용,남,57세,상해없음,보행자,여,74세,중상
616,2018052500100632,2018년 5월 25일 21시,금요일,대전광역시 서구 둔산동,경상사고,0,0,1,0,차대사람 - 횡단중,신호위반,포장 - 건조,맑음,교차로 - 교차로횡단보도내,승용,여,43세,상해없음,보행자,남,39세,경상
617,2018052600100040,2018년 5월 26일 01시,토요일,대전광역시 서구 둔산동,경상사고,0,0,1,0,차대사람 - 길가장자리구역통행중,안전운전불이행,포장 - 건조,맑음,교차로 - 교차로부근,화물,남,46세,상해없음,보행자,남,55세,경상
618,2018052600100334,2018년 5월 26일 13시,토요일,대전광역시 동구 세천동,경상사고,0,0,1,0,차대사람 - 기타,안전운전불이행,포장 - 건조,맑음,단일로 - 기타,이륜,남,38세,상해없음,보행자,남,43세,경상
619,2018052600100370,2018년 5월 26일 14시,토요일,대전광역시 대덕구 목상동,경상사고,0,0,1,0,차대사람 - 횡단중,보행자보호의무위반,포장 - 건조,맑음,교차로 - 교차로횡단보도내,승용,남,62세,상해없음,보행자,여,2세,경상
620,2018052600100371,2018년 5월 26일 14시,토요일,대전광역시 유성구 도룡동,경상사고,0,0,1,0,차대사람 - 기타,안전운전불이행,포장 - 건조,맑음,기타 - 기타,승용,남,55세,상해없음,보행자,남,25세,경상
621,2018052600100505,2018년 5월 26일 17시,토요일,대전광역시 중구 호동,경상사고,0,0,1,0,차대사람 - 기타,교차로운행방법위반,포장 - 건조,맑음,교차로 - 교차로안,승용,여,45세,상해없음,보행자,여,76세,경상
622,2018052600100629,2018년 5월 26일 21시,토요일,대전광역시 중구 대흥동,경상사고,0,0,1,0,차대사람 - 기타,안전운전불이행,포장 - 건조,맑음,교차로 - 교차로안,승용,여,28세,상해없음,보행자,남,28세,경상
623,2018052700100048,2018년 5월 27일 02시,일요일,대전광역시 서구 둔산동,중상사고,0,1,0,0,차대사람 - 횡단중,안전운전불이행,포장 - 건조,맑음,단일로 - 기타,승용,남,20세,상해없음,보행자,남,31세,중상
624,2018052800100187,2018년 5월 28일 09시,월요일,대전광역시 서구 가장동,경상사고,0,0,1,0,차대사람 - 횡단중,보행자보호의무위반,포장 - 건조,맑음,단일로 - 기타,승용,남,76세,상해없음,보행자,여,30세,경상
625,2018052800100282,2018년 5월 28일 12시,월요일,대전광역시 동구 용전동,경상사고,0,0,1,0,차대사람 - 차도통행중,안전운전불이행,포장 - 건조,맑음,교차로 - 교차로부근,승용,여,50세,상해없음,보행자,남,22세,경상
626,2018052800100415,2018년 5월 28일 16시,월요일,대전광역시 유성구 신성동,경상사고,0,0,1,0,차대사람 - 횡단중,안전운전불이행,포장 - 건조,맑음,단일로 - 기타,승용,여,56세,상해없음,보행자,남,8세,경상
627,2018052900100298,2018년 5월 29일 14시,화요일,대전광역시 중구 산성동,중상사고,0,1,0,0,차대사람 - 보도통행중,기타,포장 - 건조,맑음,단일로 - 기타,승합,남,32세,상해없음,보행자,여,80세,중상
628,2018052900100502,2018년 5월 29일 19시,화요일,대전광역시 서구 둔산동,경상사고,0,0,1,0,차대사람 - 길가장자리구역통행중,안전운전불이행,포장 - 건조,맑음,단일로 - 기타,승용,남,29세,상해없음,보행자,여,31세,경상
629,2018052900100592,2018년 5월 29일 22시,화요일,대전광역시 동구 가양동,사망사고,1,0,0,0,차대사람 - 횡단중,안전운전불이행,포장 - 건조,맑음,단일로 - 기타,승용,남,21세,상해없음,보행자,남,48세,사망
630,2018052900100593,2018년 5월 29일 22시,화요일,대전광역시 서구 복수동,중상사고,0,1,0,0,차대사람 - 횡단중,보행자보호의무위반,포장 - 건조,맑음,교차로 - 교차로횡단보도내,승용,남,60세,상해없음,보행자,여,66세,중상
631,2018053000100288,2018년 5월 30일 13시,수요일,대전광역시 서구 관저동,사망사고,1,0,0,0,차대사람 - 횡단중,안전운전불이행,포장 - 건조,맑음,단일로 - 고가도로위,화물,남,45세,상해없음,보행자,여,80세,사망
632,2018053000100321,2018년 5월 30일 14시,수요일,대전광역시 중구 은행동,경상사고,0,0,1,0,차대사람 - 차도통행중,안전운전불이행,포장 - 건조,맑음,단일로 - 기타,승용,남,57세,상해없음,보행자,여,61세,경상
633,2018053000100322,2018년 5월 30일 14시,수요일,대전광역시 대덕구 대화동,중상사고,0,1,0,0,차대사람 - 기타,안전운전불이행,포장 - 건조,맑음,기타 - 기타,건설기계,남,63세,상해없음,보행자,남,59세,중상
634,2018053000100470,2018년 5월 30일 17시,수요일,대전광역시 동구 용전동,중상사고,0,1,0,0,차대사람 - 기타,기타,포장 - 건조,맑음,기타 - 기타,화물,남,43세,상해없음,보행자,남,35세,중상
635,2018053000100541,2018년 5월 30일 19시,수요일,대전광역시 동구 자양동,경상사고,0,0,1,0,차대사람 - 기타,안전운전불이행,포장 - 건조,맑음,단일로 - 기타,승용,여,34세,상해없음,보행자,여,82세,경상
636,2018053100100242,2018년 5월 31일 10시,목요일,대전광역시 중구 유천동,경상사고,0,0,1,0,차대사람 - 차도통행중,교차로운행방법위반,포장 - 건조,맑음,교차로 - 교차로안,승합,남,50세,상해없음,보행자,여,80세,경상
637,2018053100100336,2018년 5월 31일 13시,목요일,대전광역시 중구 사정동,중상사고,0,1,0,0,차대사람 - 차도통행중,안전운전불이행,포장 - 건조,맑음,단일로 - 기타,승용,남,39세,기타불명,보행자,여,50세,중상
638,2018053100100338,2018년 5월 31일 13시,목요일,대전광역시 서구 괴정동,경상사고,0,0,1,0,차대사람 - 기타,안전운전불이행,포장 - 건조,맑음,단일로 - 기타,자전거,남,75세,상해없음,보행자,남,74세,경상
639,2018053100100455,2018년 5월 31일 16시,목요일,대전광역시 유성구 원내동,중상사고,0,1,1,0,차대사람 - 횡단중,보행자보호의무위반,포장 - 건조,맑음,교차로 - 교차로횡단보도내,화물,남,60세,상해없음,보행자,여,41세,경상
640,2018053100100511,2018년 5월 31일 17시,목요일,대전광역시 동구 대동,중상사고,0,1,0,0,차대사람 - 횡단중,안전운전불이행,포장 - 건조,맑음,단일로 - 기타,승용,여,63세,상해없음,보행자,여,73세,중상
641,2018053100100624,2018년 5월 31일 20시,목요일,대전광역시 유성구 봉산동,중상사고,0,1,0,0,차대사람 - 기타,안전운전불이행,포장 - 건조,맑음,단일로 - 기타,승용,남,43세,기타불명,보행자,남,67세,중상
642,2018053100100677,2018년 5월 31일 22시,목요일,대전광역시 대덕구 오정동,부상신고사고,0,0,0,1,차대사람 - 차도통행중,안전운전불이행,포장 - 건조,맑음,교차로 - 교차로안,기타불명,기타불명,미분류,기타불명,보행자,남,18세,부상신고
643,2018060100100057,2018년 6월 1일 03시,금요일,대전광역시 서구 가장동,사망사고,1,0,0,0,차대사람 - 보도통행중,안전운전불이행,포장 - 건조,맑음,교차로 - 교차로횡단보도내,승용,남,28세,상해없음,보행자,여,26세,사망
644,2018060100100192,2018년 6월 1일 09시,금요일,대전광역시 대덕구 신일동,중상사고,0,1,0,0,차대사람 - 횡단중,신호위반,포장 - 건조,맑음,교차로 - 교차로횡단보도내,화물,남,71세,상해없음,보행자,여,41세,중상
645,2018060100100227,2018년 6월 1일 10시,금요일,대전광역시 대덕구 용호동,경상사고,0,0,1,0,차대사람 - 횡단중,보행자보호의무위반,포장 - 건조,맑음,교차로 - 교차로횡단보도내,승용,여,59세,상해없음,보행자,남,65세,경상
646,2018060100100443,2018년 6월 1일 16시,금요일,대전광역시 동구 용전동,경상사고,0,0,1,0,차대사람 - 기타,안전운전불이행,포장 - 건조,맑음,기타 - 기타,이륜,남,24세,기타불명,보행자,남,25세,경상
647,2018060200100199,2018년 6월 2일 10시,토요일,대전광역시 동구 중동,중상사고,0,1,0,0,차대사람 - 횡단중,보행자보호의무위반,포장 - 건조,맑음,교차로 - 교차로횡단보도내,승용,남,33세,상해없음,보행자,남,49세,중상
648,2018060200100292,2018년 6월 2일 12시,토요일,대전광역시 대덕구 중리동,중상사고,0,1,0,0,차대사람 - 기타,안전운전불이행,포장 - 건조,맑음,단일로 - 기타,승용,남,39세,상해없음,보행자,여,71세,중상
649,2018060400100010,2018년 6월 4일 01시,월요일,대전광역시 서구 둔산동,경상사고,0,0,1,0,차대사람 - 길가장자리구역통행중,안전운전불이행,포장 - 건조,맑음,교차로 - 교차로안,승용,남,25세,상해없음,보행자,남,34세,경상
650,2018060400100358,2018년 6월 4일 14시,월요일,대전광역시 동구 가양동,중상사고,0,1,0,0,차대사람 - 기타,기타,포장 - 건조,맑음,단일로 - 기타,승합,남,43세,상해없음,보행자,여,74세,중상
651,2018060400100477,2018년 6월 4일 17시,월요일,대전광역시 대덕구 법동,경상사고,0,0,1,0,차대사람 - 기타,안전운전불이행,포장 - 건조,맑음,단일로 - 기타,기타불명,기타불명,미분류,기타불명,보행자,여,9세,경상